{"cameraMode":{"drawMode":0,"name":"Shaded","section":"Shading Mode"},"sceneLighting":false,"audioPlay":false,"sceneViewState":{"showFog":true,"showMaterialUpdate":false,"showSkybox":false,"showFlares":true,"showImageEffects":true,"showParticleSystems":true},"in2DMode":false,"pivot":{"x":-0.15117347240447999,"y":0.5561142563819885,"z":0.0},"rotation":{"x":-0.36152413487434389,"y":0.5793535709381104,"z":-0.3186216950416565,"w":-0.6573739647865295},"size":5.8224568367004398,"orthographic":false}