{"cameraMode":{"drawMode":0,"name":"Shaded","section":"Shading Mode"},"sceneLighting":false,"audioPlay":false,"sceneViewState":{"showFog":true,"showMaterialUpdate":false,"showSkybox":false,"showFlares":true,"showImageEffects":true,"showParticleSystems":true},"in2DMode":false,"pivot":{"x":0.0,"y":-1.7881393432617188e-7,"z":0.0000017881393432617188},"rotation":{"x":0.05272255092859268,"y":-0.8804461359977722,"z":0.10081165283918381,"w":0.460357129573822},"size":2.345108985900879,"orthographic":false}