{"cameraMode":{"drawMode":0,"name":"Shaded","section":"Shading Mode"},"sceneLighting":false,"audioPlay":false,"sceneViewState":{"showFog":true,"showMaterialUpdate":false,"showSkybox":false,"showFlares":true,"showImageEffects":true,"showParticleSystems":true},"in2DMode":false,"pivot":{"x":3.7806670665740969,"y":3.1237404346466066,"z":2.535240650177002},"rotation":{"x":0.07274621725082398,"y":0.8970036506652832,"z":-0.16132919490337373,"w":0.40517228841781618},"size":17.325414657592775,"orthographic":false}