{"cameraMode":{"drawMode":0,"name":"Shaded","section":"Shading Mode"},"sceneLighting":false,"audioPlay":false,"sceneViewState":{"showFog":true,"showMaterialUpdate":false,"showSkybox":false,"showFlares":true,"showImageEffects":true,"showParticleSystems":true},"in2DMode":false,"pivot":{"x":0.0,"y":3.0896010398864748,"z":-0.000019073486328125},"rotation":{"x":-0.23142465949058534,"y":0.7201183438301086,"z":-0.2824694514274597,"w":-0.5899940133094788},"size":104.4577865600586,"orthographic":false}