{"cameraMode":{"drawMode":0,"name":"Shaded","section":"Shading Mode"},"sceneLighting":false,"audioPlay":false,"sceneViewState":{"showFog":true,"showMaterialUpdate":false,"showSkybox":false,"showFlares":true,"showImageEffects":true,"showParticleSystems":true},"in2DMode":false,"pivot":{"x":4.284783363342285,"y":1.3096671104431153,"z":-6.408869743347168},"rotation":{"x":-0.030395381152629854,"y":0.9645093679428101,"z":0.12714847922325135,"w":0.22962826490402223},"size":5.029970169067383,"orthographic":false}